{
  "embedding_type": "sentencetransformer",
  "timestamp": "2025-11-22T01:29:02.348496",
  "dataset": {
    "train_size": 273981,
    "test_size": 56811,
    "train_exploited": 1829,
    "test_exploited": 216,
    "train_years": "2015-2023",
    "test_years": "2024+"
  },
  "logistic_regression": {
    "roc_auc": 0.8428813973882001,
    "average_precision": 0.022225152490687485,
    "f1_score": 0.0338716913414087,
    "confusion_matrix": [
      [
        48046,
        8549
      ],
      [
        65,
        151
      ]
    ]
  },
  "random_forest": {
    "roc_auc": 0.8447607758832248,
    "average_precision": 0.03944141067327194,
    "f1_score": 0.08108108108108109,
    "confusion_matrix": [
      [
        56456,
        139
      ],
      [
        201,
        15
      ]
    ]
  }
}