{
  "embedding_type": "sentencetransformer",
  "timestamp": "2025-11-18T16:57:28.750038",
  "dataset": {
    "train_size": 317341,
    "test_size": 13451,
    "train_exploited": 1991,
    "test_exploited": 54,
    "train_years": "2015-2024",
    "test_year": "2025"
  },
  "logistic_regression": {
    "roc_auc": 0.8720132202068456,
    "average_precision": 0.02312450570709436,
    "f1_score": 0.03954802259887006,
    "confusion_matrix": [
      [
        11716,
        1681
      ],
      [
        19,
        35
      ]
    ]
  },
  "random_forest": {
    "roc_auc": 0.8880173560139223,
    "average_precision": 0.058297104375103104,
    "f1_score": 0.024691358024691357,
    "confusion_matrix": [
      [
        13371,
        26
      ],
      [
        53,
        1
      ]
    ]
  }
}