{
  "models": {
    "CVSS-only": {
      "roc_auc": 0.8004849113479406,
      "average_precision": 0.026665735894868724,
      "f1_score": 0.03383878691141261
    },
    "Embedding-only": {
      "roc_auc": 0.8442242471113283,
      "average_precision": 0.02607869635880223,
      "f1_score": 0.03601440576230492
    },
    "Hybrid": {
      "roc_auc": 0.8819261687441897,
      "average_precision": 0.07856861104499202,
      "f1_score": 0.05288888888888889
    }
  },
  "best_model": "Hybrid",
  "best_roc_auc": 0.8819261687441897,
  "dataset": {
    "train_size": 150097,
    "test_size": 45425,
    "train_exploited": 960,
    "test_exploited": 189
  }
}